date,tweet
24/03/2026,"Coding an app is officially the new 'starting a podcast.' Everyone has one, but who's actually paying attention? Build a real moat. _____ #Startups #TechTrends"
25/03/2026,"Andreessen said software is eating the world. Well, AI just ate software. If your startup is just a wrapper, you’re on the menu. _____ #AI #SaaS"
26/03/2026,Vibe coding > PM. Training models > Writing code. The stack is shifting rapidly. Are you evolving or still writing boilerplate? ____ #VibeCoding #FutureOfWork
27/03/2026,"Moltbook is the new Reverse Turing Test. If you know, you know. ____ #AI #TechCulture"
28/03/2026,The deliberate destruction of the tech industry isn't just bad business—it's a massive national security risk. We need to wake up. _______ #TechPolicy #Security
29/03/2026,"If paper billionaires get 8% seized today, your savings are next tomorrow. Once the goose is cooked, everyone wants a bite. Defend property rights. ____ #Economics"
30/03/2026,"Stop learning dead languages and custom workflows. Unless you're building on the bleeding edge right now, AI will do it for you. Focus on the vision. ____ #Coding #AI"
31/03/2026,Being loved is great. Being IN love is the ultimate cheat code for life. Pursue that feeling relentlessly. ____ #LifeAdvice #Mindset
01/04/2026,Life is too short for mediocre projects. Work with hardcore people on hardcore things. Tag your favorite builder below. ____ #FounderMode #Startups
02/04/2026,The real lesson of Substack? People don’t want abstract networks; they want to support creators in the concrete. Community beats algorithms. ____ #CreatorEconomy
03/04/2026,Photography made art get weird. Generative AI is going to push human creativity to the absolute extreme edges. The middle ground is dead. ____ #GenerativeAI #Creativity
04/04/2026,Self-directed learning through AI is an absolute paradise for the autodidact. The barrier to entry for deep knowledge is officially zero. ____ #EdTech #Learning
05/04/2026,"Schools today: Good for credentials, networking, and extreme specialization. Useless for almost everything else. Agree or disagree? ____ #Education #Debate"
06/04/2026,The fundamental human disease is separation. The symptom is loneliness. Connection is the only cure. Reach out to someone today. ____ #MentalHealth #Connection
07/04/2026,The only permanent solution to anxiety is ACTION. Stop overthinking and take the first step right now. ______ #MentalModels #Productivity
08/04/2026,Terrifying but true: AI is adapting to human behavior significantly faster than humans are adapting to AI. Who's really training who? ____ #TechPhilosophy #AI
09/04/2026,"If you aren't getting happier as you get older, you are playing the game wrong. Re-evaluate your metrics immediately. ____ #LifeHacks #Wisdom"
10/04/2026,"RIP to one of the most original, fearless, and insightful thinkers ever. The internet won't be the same without that contrarian energy. _____ #Legend #FreeThinker"
11/04/2026,Fast forward 10 years: The only two jobs left will be Creator or Regulator. Which side of the fence are you building on? _____ #FutureOfWork #AI
12/04/2026,"The holy trinity of leverage: Knowledge, Reputation, and Capital. Master all three and you become unstoppable. Which one are you lacking? ____ #Leverage #Investing"
13/04/2026,"""Software is eating the world, and now AI is eating software."" The tech food chain just evolved. ____ #SaaS #ArtificialIntelligence"
14/04/2026,Specific knowledge has no verifiably correct answers. That means it’s the ONE thing AI can't be trained to steal from you. Find your niche. ____ #Naval #CareerAdvice
15/04/2026,Every complex system that actually works is just a simple system scaled up. AI is exactly the same. Stop overcomplicating it. ____ #SystemsThinking #Tech
16/04/2026,Robots aren't replacing humans. They are replacing humans doing robotic jobs. Elevate your skills or get automated out of existence. ____ #Automation #Career
17/04/2026,We don't live to work. We live to reveal ourselves to ourselves. Deep thoughts for your timeline today. ___ #Philosophy #SelfDiscovery
18/04/2026,Everything you create is a brutally honest reflection of exactly who you are. What is your work saying about you right now? ____ #Creativity #Mindset
19/04/2026,Games aren't an end unto themselves; they are high-stakes training for reality. What game are you playing? ____ #Gamification #Strategy
20/04/2026,"Democracy is just a peaceful way of counting swords. If it tries to count anything else, it becomes fragile and fake. _____ #Politics #History"
21/04/2026,Make Europe worth defending again. _______ #Geopolitics
22/04/2026,"If you don't commit to meaningful work right now, life will happily fill your time with endless busywork. Choose your hard. ___ #Productivity #Purpose"
23/04/2026,The ultimate investing secret: Back unstoppable people who are building inevitable things. The rest is just noise. ____ #VentureCapital #Investing
24/04/2026,Capitalism is PvE (Player vs Environment). Every other alternative quickly degenerates into PvP (Player vs Player). Choose your game mode wisely. ____ #Economics
25/04/2026,Creativity is the absolute antidote to scarcity. You can never run out of ideas. ____ #Innovation #Abundance
26/04/2026,"Why does a killer demo matter? Investors, like consumers, fall in love first and rationalize the math later. Pitch the heart, then the head. ____ #Startups"
27/04/2026,"Marketing is adversarial. Channels are discovered, exploited, and killed. The best marketers? The founders. Are you breaking the rules yet? _______ #GrowthHacking"
28/04/2026,1971: Money flipped from a natural system (gold) to a socialist one (fiat). Crypto is the tech pulling us back to a free market. It's inevitable. ____ #Bitcoin #Crypto
29/04/2026,"Rule of thumb: If it starts with the word 'public,' it's probably in a state of rapid, terminal decay. Agree? _____ #Institutions #Economics"
30/04/2026,God bless Scott Adams. An all-time great thinker who never backed down from a contrarian take. ____ #FreeSpeech
01/05/2026,China operates like a massive conglomerate: cross-subsidizing internal businesses until they achieve a global supply monopoly. It's a corporation. ______ #Geopolitics
02/05/2026,Money is just a number on a screen. Wealth is the raw ability to make things happen. Which one are you optimizing for? ___ #WealthCreation #Finance
03/05/2026,The ultimate fiscal death loop: Public sector unions using taxpayer money to lobby for... more taxpayer money. How does this end? ____ #Economics #Taxes
04/05/2026,Stop complaining about the politicians. They are just a mirror. It's the voters. _____ #Politics #Society
05/05/2026,The 'For You' algorithm shifted all the power from the Creator straight to the Creation. The algorithm is the new manager. ____ #CreatorEconomy #SocialMedia
06/05/2026,It's a 3-tier system: Most women outrank most men. But the top 1% of men outrank everyone. Harsh reality or false narrative? ____ #Sociology #Debate
07/05/2026,Show me your axioms and I'll accurately predict your conclusions. First principles are everything. ____ #Logic #FirstPrinciples
08/05/2026,"Crypto: Gamblers, bankers, and casinos. All meaningless without the cypherpunks defending the dream of encrypted, unstoppable cash. ____ #Cypherpunk #DeFi"
09/05/2026,99% of books should be mercilessly skimmed. 1% should be absolutely devoured. Stop treating all reading equally. ____ #ReadingList #Productivity
10/05/2026,Code is free speech. Encryption is the absolute right to bear arms in the digital age. Defend both at all costs. _____ #Privacy #Cryptography
11/05/2026,Unpopular opinion: Stablecoins are literally just CBDCs with a few extra steps. Prove me wrong. ____ #Crypto #Stablecoins
12/05/2026,The ultimate irony of the modern financial era: Satoshi Nakamoto himself can't even use Bitcoin. ____ #Bitcoin #Satoshi
13/05/2026,Bitcoin is your insurance against fiat currency. ZCash is your insurance against Bitcoin. Diversify your digital privacy. ________ #PrivacyCoins #BTC
14/05/2026,Feeling envious? Good. It's a psychological signal that you know you ought to be doing more with your life. Turn it into fuel. ___ #Mindset #Growth
15/05/2026,Plan your empire as if you’ll live forever. Execute today as if you’ll die tomorrow. The ultimate duality of a founder. ____ #Stoicism #FounderMode
16/05/2026,The most important question you will ever answer: What—other than yourself and what’s trendy—do you actually care about? ____ #Purpose #LifeGoals
17/05/2026,To create is to extract life from the lifeless. The AI race isn't about software; it's the ancient human quest to build God. ____ #AGI #Philosophy
18/05/2026,"Either absolutely nothing is a miracle, or absolutely everything is. Choose your lens for the day. ____ #Mindfulness #Perspective"
19/05/2026,AI is intelligent if it gets YOU what you want. AGI is intelligent when it can get ITSELF what it wants. We aren't ready for the leap. ____ #AGI #TechTrends
20/05/2026,Family feedback is fake. Awards are fake. Critics are fake. The ONLY real feedback comes from the free market. Let the market judge you. ____ #Startups
21/05/2026,It is incredibly hard to find true conviction in anything today. But you deserve absolutely nothing less. Don't settle. ___ #Conviction #Motivation
22/05/2026,"Apple needs to hear this: New iPhones need new CAPABILITIES, not just new specs. Give us magic, not just a marginally better camera. ___ #Apple #Tech"
23/05/2026,Marxism is just religion without God. The dogma remains exactly the same. ____ #Philosophy #History
24/05/2026,"You think you're having a productive day, but really... you're just busy. Learn the difference before you burn out entirely. _______ #Productivity #TimeManagement"
25/05/2026,The ultimate victory of communism isn't setting the price of goods. It's when the government sets the price of money itself. Look at the Fed. ____ #Economics
26/05/2026,The devil doesn't rob you; he buys your dreams for glitter and dust. You give your soul away willingly. Guard your focus. ___ #Wisdom #Temptation
27/05/2026,"Government is just the biggest gang with a monopoly on violence. Great at stopping things, terrible at building things. _____ #Libertarian #Politics"
28/05/2026,"AIs aren't minds. Robots aren't bodies. They just excel at what we hate doing, and suck at what we love doing. It's automation, not competition. ____ #AI #Robotics"
29/05/2026,"Starting a company is a simultaneous equation: Convince investors you have the talent, and talent that you have the money. Hustle both sides. ____ #Startups"
30/05/2026,"The purest reason to build something isn't for money. It's the raw, visceral experience of creation. No one can steal that. ____ #Creators #Building"
31/05/2026,If all your smartest friends suddenly start saying crazy things... pay close attention
,
,
,
,
,
,
,
,
,
,
,
,
,
,
,
,
,
,
,
,
,
,
,
,
,
,
,
,
,
,
,
,
,
,
,
,
,
,
,
,
,
,
,
,
,
,
,
,
,
,
,